order,date,title_original,assets,direction,method,claimed_return,metric,kind,x_url,note,verify_status
1,2026-04-17,我的历史战绩,,long,,,,non-case,https://x.com/0xInChain/status/2044999345133810147,宣传/汇总帖，不迁移为案例，可作为 /about 或外链素材,待核对原推
2,2026-04-18,我的工具包,,long,,,,non-case,https://x.com/0xInChain/status/2045384394693808399,宣传/汇总帖，不迁移为案例，可作为 /about 或外链素材,待核对原推
3,2026-09-20,$BP 获利 56%！,$BP,long,,+56%,max-return (未核验),case,https://x.com/0xInChain/status/2101600047184138707,,待核对原推
4,2026-09-08,美股 $BNC 提前布局！,$BNC,long,,,,case,https://x.com/0xInChain/status/2097254643357139118,美股标的，非加密资产——建议不迁移或单独标注,待核对原推
5,2026-09-05,$4 获利 2570% ！,$4,long,,+2570%,max-return (未核验),case,https://x.com/0xInChain/status/2096180384686088404,,待核对原推
6,2026-09-03,$MARSCOIN 上合约前提前布局 收益188%！,$MARSCOIN,long,,+188%,max-return (未核验),case,https://x.com/0xInChain/status/2095456854193430902,,待核对原推
7,2026-08-29,$4 收益 翻倍！,$4,long,,翻倍,max-return (未核验),case,https://x.com/0xInChain/status/2093661808578204078,,待核对原推
8,2026-08-27,ZRO 收益 286%！,$ZRO,long,,+286%,max-return (未核验),case,https://x.com/0xInChain/status/2092917587495850243,,待核对原推
9,2026-08-21,8月21日 大满贯,,long,,,,non-case,https://x.com/0xInChain/status/2090751214157971657,宣传/汇总帖，不迁移为案例，可作为 /about 或外链素材,待核对原推
10,2026-08-19,监控地址吸筹 捕捉 $LFI 收获79%,$LFI,long,地址监控,+79%,max-return (未核验),case,https://x.com/0xInChain/status/2090045574544306417,,待核对原推
11,2026-08-13,HYPE智能监控 捕捉 $KAITO 收获174%,$KAITO,long,HYPE 监控,+174%,max-return (未核验),case,https://x.com/0xInChain/status/2087843119647916464,,待核对原推
12,2026-08-18,利用链上异动 捕捉 $AEON 收获68%,$AEON,long,链上异动,+68%,max-return (未核验),case,https://x.com/0xInChain/status/2089673713209999811,,待核对原推
13,2026-08-11,利用链上异动 捕捉 $BLUAI 收获135%,$BLUAI,long,链上异动,+135%,max-return (未核验),case,https://x.com/0xInChain/status/2087103135768813577,,待核对原推
14,2026-08-07,利用链上异动 捕捉 $ON 收获274%,$ON,long,链上异动,+274%,max-return (未核验),case,https://x.com/0xInChain/status/2085694698510065752,,待核对原推
15,2026-08-04,持续追踪 $UB 收获129%,$UB,long,持续追踪,+129%,max-return (未核验),case,https://x.com/0xInChain/status/2084568472424796378,,待核对原推
16,2026-08-01,利用链上异动 捕捉 $KOMA 收获235%,$KOMA,long,链上异动,+235%,max-return (未核验),case,https://x.com/0xInChain/status/2083514213172154611,,待核对原推
17,2026-06-21,利用链上机构 捕捉 $AERO 收获50%,$AERO,long,链上机构,+50%,max-return (未核验),case,https://x.com/0xInChain/status/2068668401053220876,,待核对原推
18,2026-06-18,利用地址集群 第二波吃 $AGT 48%,$AGT,long,地址集群,+48%,max-return (未核验),case,https://x.com/0xInChain/status/2067466759909896561,,待核对原推
19,2026-06-17,利用链上异动 捕捉 $ASTER [持续跟踪 还没结束],$ASTER,long,链上异动,,,case,https://x.com/0xInChain/status/2067227562481500500,原帖标注未结束，无结果——迁移时 result=unknown,待核对原推
20,2026-06-15,利用链上异动 捕捉 $UAI 40%,$UAI,long,链上异动,+40%,max-return (未核验),case,https://x.com/0xInChain/status/2066492336373461296,,待核对原推
21,2026-06-16,利用地址集群 $BR 48%,$BR,long,地址集群,+48%,max-return (未核验),case,https://x.com/0xInChain/status/2066868972860158377,,待核对原推
22,2026-06-12,利用链上异动 捕捉 $FOLKS 50%,$FOLKS,long,链上异动,+50%,max-return (未核验),case,https://x.com/0xInChain/status/2065364179800969414,,待核对原推
23,2026-06-11,利用链上异动 捕捉 $VELVET 6X,$VELVET,long,链上异动,6X,max-return (未核验),case,https://x.com/0xInChain/status/2064929976030568813,,待核对原推
24,2026-06-10,利用链上异动 捕捉 $POWER,$POWER,long,链上异动,,,case,https://x.com/0xInChain/status/2064546846228586741,,待核对原推
25,2026-06-09,利用地址集群 逃顶 $H 并且盈利 2X,$H,long,地址集群,2X,max-return (未核验),case,https://x.com/0xInChain/status/2064209525784338657,,待核对原推
26,2026-06-08,利用地址集群 捕捉 $BEAT 获利 6X,$BEAT,long,地址集群,6X,max-return (未核验),case,https://x.com/0xInChain/status/2063781050212667734,,待核对原推
27,2026-06-06,利用链上异动 捕捉 $VELVET 91%,$VELVET,long,链上异动,+91%,max-return (未核验),case,https://x.com/0xInChain/status/2063233835605864492,,待核对原推
28,2026-06-05,利用链上异动 捕捉 $龙虾 盈利50%,$龙虾,long,链上异动,+50%,max-return (未核验),case,https://x.com/0xInChain/status/2062760902928310406,,待核对原推
29,2026-06-04,利用地址集群 捕捉 $ZEST 盈利20%,$ZEST,long,地址集群,+20%,max-return (未核验),case,https://x.com/0xInChain/status/2062519407172313177,,待核对原推
30,2026-06-03,利用地址集群 捕捉 $PIEVERSE 盈利51%,$PIEVERSE,long,地址集群,+51%,max-return (未核验),case,https://x.com/0xInChain/status/2062146340092572016,,待核对原推
31,2026-06-01,利用地址集群 捕捉 $H 盈利204%,$H,long,地址集群,+204%,max-return (未核验),case,https://x.com/0xInChain/status/2061290553296454080,,待核对原推
32,2026-05-29,利用HYPE智能聪明钱监控 $HYPE 多单止盈,$HYPE,long,聪明钱,,,case,https://x.com/0xInChain/status/2060263139984429064,,待核对原推
33,2026-05-23,81K $BTC 空单止盈,$BTC,short,,,,case,https://x.com/0xInChain/status/2058036852230422548,,待核对原推
34,2026-05-27,利用地址集群 提醒 $GUA 风险,$GUA,risk-alert,地址集群,,,case,https://x.com/0xInChain/status/2059607047084138542,,待核对原推
35,2026-05-22,利用地址集群 捕捉 $BEAT 妖币,$BEAT,long,地址集群,,,case,https://x.com/0xInChain/status/2057761249753022593,,待核对原推
36,2026-05-25,利用地址集群 提醒 $ESPORTS 风险,$ESPORTS,risk-alert,地址集群,,,case,https://x.com/0xInChain/status/2058875979683037568,,待核对原推
37,2026-05-25,利用聪明钱地址 捕捉 $PHA,$PHA,long,聪明钱,,,case,https://x.com/0xInChain/status/2058904191356338362,,待核对原推
38,2026-05-26,利用链上异动 捕捉 $HOME $KTA,$HOME $KTA,long,链上异动,,,case,https://x.com/0xInChain/status/2059259181564358907,,待核对原推
39,2026-05-15,利用地址集群 捕捉 $AUKI,$AUKI,long,地址集群,,,case,https://x.com/0xInChain/status/2055134533658546245,,待核对原推
40,2026-05-25,利用地址集群 捕捉地推 $FIST,$FIST,long,地址集群,,,case,https://x.com/0xInChain/status/2058745621037937038,,待核对原推
41,2026-05-12,利用地址集群 捕捉 $A0T $BANANAS31,$A0T $BANANAS31,long,地址集群,,,case,https://x.com/0xInChain/status/2054155095135354887,,待核对原推
42,2026-05-18,利用雷达监控到 $IRYS 出货信号做空,$IRYS,short,地址雷达,,,case,https://x.com/0xInChain/status/2056304697418633473,,待核对原推
43,2026-05-20,火箭 监控到 $ESPORTS 可以波段,$ESPORTS,long,火箭监控,,,case,https://x.com/0xInChain/status/2057037274920231205,,待核对原推
44,2026-05-21,地址雷达捕捉到 $BANANAS31 狗庄地址,$BANANAS31,long,地址雷达,,,case,https://x.com/0xInChain/status/2057437853421121881,,待核对原推
45,2026-05-24,追踪 $AGT 将近半个月 最终盈利,$AGT,long,持续追踪,,,case,https://x.com/0xInChain/status/2058475339836494322,,待核对原推
46,2026-04-17,捕捉地址集群 $TAKE 最终翻倍,$TAKE,long,地址集群,翻倍,max-return (未核验),case,https://x.com/0xInChain/status/2044988903577551222,,待核对原推
47,2026-05-17,群友分享,,long,,,,non-case,https://x.com/0xInChain/status/2055982637454692393,宣传/汇总帖，不迁移为案例，可作为 /about 或外链素材,待核对原推
48,2026-04-12,$SKYAI 复盘,$SKYAI,long,,,,case,https://x.com/0xInChain/status/2043209801187151951,,待核对原推
49,2026-04-09,$TRADOOR 复盘,$TRADOOR,long,,,,case,https://x.com/0xInChain/status/2042179553800630560,,待核对原推
50,2026-04-03,利用地址捕捉 $AIOT 最终5X,$AIOT,long,,5X,max-return (未核验),case,https://x.com/0xInChain/status/2039915569072259150,,待核对原推
51,2026-03-28,$ON 复盘,$ON,long,,,,case,https://x.com/0xInChain/status/2037750669747306524,,待核对原推
52,2026-03-27,$SIREN 出货复盘,$SIREN,risk-alert,,,,case,https://x.com/0xInChain/status/2037391449269166492,,待核对原推
53,2026-03-25,$SIREN 吃肉,$SIREN,long,,,,case,https://x.com/0xInChain/status/2036659569649492257,,待核对原推
54,2026-03-23,$JCT 复盘,$JCT,long,,,,case,https://x.com/0xInChain/status/2035944254242173381,,待核对原推
55,2026-03-10,利用地址集群 捕捉 $CYS 60%,$CYS,long,地址集群,+60%,max-return (未核验),case,https://x.com/0xInChain/status/2031210685934313936,,待核对原推
56,2026-03-04,工具展示,,long,,,,non-case,https://x.com/0xInChain/status/2029122001055695239,宣传/汇总帖，不迁移为案例，可作为 /about 或外链素材,待核对原推
57,2026-03-01,利用地址集群 捕捉 $BULLA 60%,$BULLA,long,地址集群,+60%,max-return (未核验),case,https://x.com/0xInChain/status/2028049606979039414,,待核对原推
58,2026-03-04,利用聪明钱 捕捉 $UMBRA 65%,$UMBRA,long,聪明钱,+65%,max-return (未核验),case,https://x.com/0xInChain/status/2029122001055695239,与「工具展示」使用同一链接，需核对原推,待核对原推
59,2025-11-13,25年做空 我的事业,,short,,,,non-case,https://x.com/0xInChain/status/1989000014677570002,宣传/汇总帖，不迁移为案例，可作为 /about 或外链素材,待核对原推
60,2026-01-17,跟踪聪明钱 捕捉 $SURGE 75%,$SURGE,long,聪明钱,+75%,max-return (未核验),case,https://x.com/0xInChain/status/2012386453976945121,,待核对原推
61,2026-05-10,跟踪聪明钱 捕捉 $LAYER,$LAYER,long,聪明钱,,,case,https://x.com/0xInChain/status/2053424358656512286,,待核对原推
